device_id,x_um,y_um,carrier,channel_degrees,source_object_id
CELL_0000,7.244443697,1.941142838,n,0.0,STD_CELL_0000
CELL_0001,3.750000000,6.495190528,p,0.0,STD_CELL_0001
CELL_0002,-1.941142838,7.244443697,n,0.0,STD_CELL_0002
CELL_0003,-6.495190528,3.750000000,p,0.0,STD_CELL_0003
CELL_0004,-7.244443697,-1.941142838,n,0.0,STD_CELL_0004
CELL_0005,-3.750000000,-6.495190528,p,0.0,STD_CELL_0005
CELL_0006,1.941142838,-7.244443697,n,0.0,STD_CELL_0006
CELL_0007,6.495190528,-3.750000000,p,0.0,STD_CELL_0007
CELL_0008,9.659258263,2.588190451,n,0.0,STD_CELL_0008
CELL_0009,5.000000000,8.660254038,p,0.0,STD_CELL_0009
CELL_0010,-2.588190451,9.659258263,n,0.0,STD_CELL_0010
CELL_0011,-8.660254038,5.000000000,p,0.0,STD_CELL_0011
CELL_0012,-9.659258263,-2.588190451,n,0.0,STD_CELL_0012
CELL_0013,-5.000000000,-8.660254038,p,0.0,STD_CELL_0013
CELL_0014,2.588190451,-9.659258263,n,0.0,STD_CELL_0014
CELL_0015,8.660254038,-5.000000000,p,0.0,STD_CELL_0015
CELL_0016,14.488887394,3.882285677,n,0.0,STD_CELL_0016
CELL_0017,7.500000000,12.990381057,p,0.0,STD_CELL_0017
CELL_0018,-3.882285677,14.488887394,n,0.0,STD_CELL_0018
CELL_0019,-12.990381057,7.500000000,p,0.0,STD_CELL_0019
CELL_0020,-14.488887394,-3.882285677,n,0.0,STD_CELL_0020
CELL_0021,-7.500000000,-12.990381057,p,0.0,STD_CELL_0021
CELL_0022,3.882285677,-14.488887394,n,0.0,STD_CELL_0022
CELL_0023,12.990381057,-7.500000000,p,0.0,STD_CELL_0023
CELL_0024,21.250368178,5.694018992,n,0.0,STD_CELL_0024
CELL_0025,11.000000000,19.052558883,p,0.0,STD_CELL_0025
CELL_0026,-5.694018992,21.250368178,n,0.0,STD_CELL_0026
CELL_0027,-19.052558883,11.000000000,p,0.0,STD_CELL_0027
CELL_0028,-21.250368178,-5.694018992,n,0.0,STD_CELL_0028
CELL_0029,-11.000000000,-19.052558883,p,0.0,STD_CELL_0029
CELL_0030,5.694018992,-21.250368178,n,0.0,STD_CELL_0030
CELL_0031,19.052558883,-11.000000000,p,0.0,STD_CELL_0031
