case,device_id,source_object_id,tsv_id,x_um,y_um,carrier,channel_degrees,mobility_change,koz_violation,distance_um,direction_degrees
baseline,CELL_0000,STD_CELL_0000,TSV_0001,7.244443697,1.941142838,n,0.0,0.23598843548567472,True,7.499999999768115,14.999999998347908
baseline,CELL_0001,STD_CELL_0001,TSV_0001,3.75,6.495190528,p,0.0,0.006729374585635361,False,7.499999999668061,59.99999999853595
baseline,CELL_0002,STD_CELL_0002,TSV_0001,-1.941142838,7.244443697,n,0.0,-0.23598843548567472,True,7.499999999768115,104.99999999834792
baseline,CELL_0003,STD_CELL_0003,TSV_0001,-6.495190528,3.75,p,0.0,-0.006729374585635361,False,7.499999999668061,149.99999999853594
baseline,CELL_0004,STD_CELL_0004,TSV_0001,-7.244443697,-1.941142838,n,0.0,0.23598843548567472,True,7.499999999768115,-165.0000000016521
baseline,CELL_0005,STD_CELL_0005,TSV_0001,-3.75,-6.495190528,p,0.0,0.006729374585635361,False,7.499999999668061,-120.00000000146406
baseline,CELL_0006,STD_CELL_0006,TSV_0001,1.941142838,-7.244443697,n,0.0,-0.23598843548567472,True,7.499999999768115,-75.0000000016521
baseline,CELL_0007,STD_CELL_0007,TSV_0001,6.495190528,-3.75,p,0.0,-0.006729374585635361,False,7.499999999668061,-30.00000000146406
baseline,CELL_0008,STD_CELL_0008,TSV_0001,9.659258263,2.588190451,n,0.0,0.13274349494624077,True,10.000000000099067,14.999999999698383
baseline,CELL_0009,STD_CELL_0009,TSV_0001,5.0,8.660254038,p,0.0,0.00378527320441989,False,10.000000000134765,60.00000000044581
baseline,CELL_0010,STD_CELL_0010,TSV_0001,-2.588190451,9.659258263,n,0.0,-0.13274349494624077,True,10.000000000099067,104.99999999969839
baseline,CELL_0011,STD_CELL_0011,TSV_0001,-8.660254038,5.0,p,0.0,-0.00378527320441989,False,10.000000000134765,150.0000000004458
baseline,CELL_0012,STD_CELL_0012,TSV_0001,-9.659258263,-2.588190451,n,0.0,0.13274349494624077,True,10.000000000099067,-165.00000000030164
baseline,CELL_0013,STD_CELL_0013,TSV_0001,-5.0,-8.660254038,p,0.0,0.00378527320441989,False,10.000000000134765,-119.9999999995542
baseline,CELL_0014,STD_CELL_0014,TSV_0001,2.588190451,-9.659258263,n,0.0,-0.13274349494624077,True,10.000000000099067,-75.00000000030163
baseline,CELL_0015,STD_CELL_0015,TSV_0001,8.660254038,-5.0,p,0.0,-0.00378527320441989,False,10.000000000134765,-29.999999999554205
baseline,CELL_0016,STD_CELL_0016,TSV_0001,14.488887394,3.882285677,n,0.0,0.058997108864995894,True,14.99999999979505,15.000000002037474
baseline,CELL_0017,STD_CELL_0017,TSV_0001,7.5,12.990381057,p,0.0,0.0016823436464088405,False,15.000000000202148,60.00000000044581
baseline,CELL_0018,STD_CELL_0018,TSV_0001,-3.882285677,14.488887394,n,0.0,-0.058997108864995894,True,14.99999999979505,105.00000000203747
baseline,CELL_0019,STD_CELL_0019,TSV_0001,-12.990381057,7.5,p,0.0,-0.0016823436464088405,False,15.000000000202148,150.0000000004458
baseline,CELL_0020,STD_CELL_0020,TSV_0001,-14.488887394,-3.882285677,n,0.0,0.058997108864995894,True,14.99999999979505,-164.99999999796253
baseline,CELL_0021,STD_CELL_0021,TSV_0001,-7.5,-12.990381057,p,0.0,0.0016823436464088405,False,15.000000000202148,-119.9999999995542
baseline,CELL_0022,STD_CELL_0022,TSV_0001,3.882285677,-14.488887394,n,0.0,-0.058997108864995894,True,14.99999999979505,-74.99999999796253
baseline,CELL_0023,STD_CELL_0023,TSV_0001,12.990381057,-7.5,p,0.0,-0.0016823436464088405,False,15.000000000202148,-29.9999999995542
baseline,CELL_0024,STD_CELL_0024,TSV_0001,21.250368178,5.694018992,n,0.0,0.02742634193267011,False,21.999999999586628,14.999999999599698
baseline,CELL_0025,STD_CELL_0025,TSV_0001,11.0,19.052558883,p,0.0,0.0007820812405826219,False,21.99999999977687,59.999999999664496
baseline,CELL_0026,STD_CELL_0026,TSV_0001,-5.694018992,21.250368178,n,0.0,-0.02742634193267011,False,21.999999999586628,104.99999999959971
baseline,CELL_0027,STD_CELL_0027,TSV_0001,-19.052558883,11.0,p,0.0,-0.0007820812405826219,False,21.99999999977687,149.9999999996645
baseline,CELL_0028,STD_CELL_0028,TSV_0001,-21.250368178,-5.694018992,n,0.0,0.02742634193267011,False,21.999999999586628,-165.00000000040032
baseline,CELL_0029,STD_CELL_0029,TSV_0001,-11.0,-19.052558883,p,0.0,0.0007820812405826219,False,21.99999999977687,-120.0000000003355
baseline,CELL_0030,STD_CELL_0030,TSV_0001,5.694018992,-21.250368178,n,0.0,-0.02742634193267011,False,21.999999999586628,-75.0000000004003
baseline,CELL_0031,STD_CELL_0031,TSV_0001,19.052558883,-11.0,p,0.0,-0.0007820812405826219,False,21.99999999977687,-30.000000000335508
orientation_action,CELL_0000,STD_CELL_0000,TSV_0001,7.244443697,1.941142838,n,-45.0,-0.011885648618332287,False,7.499999999768115,14.999999998347908
orientation_action,CELL_0001,STD_CELL_0001,TSV_0001,3.75,6.495190528,p,0.0,0.006729374585635361,False,7.499999999668061,59.99999999853595
orientation_action,CELL_0002,STD_CELL_0002,TSV_0001,-1.941142838,7.244443697,n,-45.0,0.011885648618332287,False,7.499999999768115,104.99999999834792
orientation_action,CELL_0003,STD_CELL_0003,TSV_0001,-6.495190528,3.75,p,0.0,-0.006729374585635361,False,7.499999999668061,149.99999999853594
orientation_action,CELL_0004,STD_CELL_0004,TSV_0001,-7.244443697,-1.941142838,n,-45.0,-0.011885648618332287,False,7.499999999768115,-165.0000000016521
orientation_action,CELL_0005,STD_CELL_0005,TSV_0001,-3.75,-6.495190528,p,0.0,0.006729374585635361,False,7.499999999668061,-120.00000000146406
orientation_action,CELL_0006,STD_CELL_0006,TSV_0001,1.941142838,-7.244443697,n,-45.0,0.011885648618332287,False,7.499999999768115,-75.0000000016521
orientation_action,CELL_0007,STD_CELL_0007,TSV_0001,6.495190528,-3.75,p,0.0,-0.006729374585635361,False,7.499999999668061,-30.00000000146406
orientation_action,CELL_0008,STD_CELL_0008,TSV_0001,9.659258263,2.588190451,n,-45.0,-0.006685677347811916,False,10.000000000099067,14.999999999698383
orientation_action,CELL_0009,STD_CELL_0009,TSV_0001,5.0,8.660254038,p,0.0,0.00378527320441989,False,10.000000000134765,60.00000000044581
orientation_action,CELL_0010,STD_CELL_0010,TSV_0001,-2.588190451,9.659258263,n,-45.0,0.006685677347811916,False,10.000000000099067,104.99999999969839
orientation_action,CELL_0011,STD_CELL_0011,TSV_0001,-8.660254038,5.0,p,0.0,-0.00378527320441989,False,10.000000000134765,150.0000000004458
orientation_action,CELL_0012,STD_CELL_0012,TSV_0001,-9.659258263,-2.588190451,n,-45.0,-0.006685677347811916,False,10.000000000099067,-165.00000000030164
orientation_action,CELL_0013,STD_CELL_0013,TSV_0001,-5.0,-8.660254038,p,0.0,0.00378527320441989,False,10.000000000134765,-119.9999999995542
orientation_action,CELL_0014,STD_CELL_0014,TSV_0001,2.588190451,-9.659258263,n,-45.0,0.006685677347811916,False,10.000000000099067,-75.00000000030163
orientation_action,CELL_0015,STD_CELL_0015,TSV_0001,8.660254038,-5.0,p,0.0,-0.00378527320441989,False,10.000000000134765,-29.999999999554205
orientation_action,CELL_0016,STD_CELL_0016,TSV_0001,14.488887394,3.882285677,n,-45.0,-0.0029714121551433657,False,14.99999999979505,15.000000002037474
orientation_action,CELL_0017,STD_CELL_0017,TSV_0001,7.5,12.990381057,p,0.0,0.0016823436464088405,False,15.000000000202148,60.00000000044581
orientation_action,CELL_0018,STD_CELL_0018,TSV_0001,-3.882285677,14.488887394,n,-45.0,0.0029714121551433657,False,14.99999999979505,105.00000000203747
orientation_action,CELL_0019,STD_CELL_0019,TSV_0001,-12.990381057,7.5,p,0.0,-0.0016823436464088405,False,15.000000000202148,150.0000000004458
orientation_action,CELL_0020,STD_CELL_0020,TSV_0001,-14.488887394,-3.882285677,n,-45.0,-0.0029714121551433657,False,14.99999999979505,-164.99999999796253
orientation_action,CELL_0021,STD_CELL_0021,TSV_0001,-7.5,-12.990381057,p,0.0,0.0016823436464088405,False,15.000000000202148,-119.9999999995542
orientation_action,CELL_0022,STD_CELL_0022,TSV_0001,3.882285677,-14.488887394,n,-45.0,0.0029714121551433657,False,14.99999999979505,-74.99999999796253
orientation_action,CELL_0023,STD_CELL_0023,TSV_0001,12.990381057,-7.5,p,0.0,-0.0016823436464088405,False,15.000000000202148,-29.9999999995542
orientation_action,CELL_0024,STD_CELL_0024,TSV_0001,21.250368178,5.694018992,n,-45.0,-0.0013813382950734984,False,21.999999999586628,14.999999999599698
orientation_action,CELL_0025,STD_CELL_0025,TSV_0001,11.0,19.052558883,p,0.0,0.0007820812405826219,False,21.99999999977687,59.999999999664496
orientation_action,CELL_0026,STD_CELL_0026,TSV_0001,-5.694018992,21.250368178,n,-45.0,0.0013813382950734984,False,21.999999999586628,104.99999999959971
orientation_action,CELL_0027,STD_CELL_0027,TSV_0001,-19.052558883,11.0,p,0.0,-0.0007820812405826219,False,21.99999999977687,149.9999999996645
orientation_action,CELL_0028,STD_CELL_0028,TSV_0001,-21.250368178,-5.694018992,n,-45.0,-0.0013813382950734984,False,21.999999999586628,-165.00000000040032
orientation_action,CELL_0029,STD_CELL_0029,TSV_0001,-11.0,-19.052558883,p,0.0,0.0007820812405826219,False,21.99999999977687,-120.0000000003355
orientation_action,CELL_0030,STD_CELL_0030,TSV_0001,5.694018992,-21.250368178,n,-45.0,0.0013813382950734984,False,21.999999999586628,-75.0000000004003
orientation_action,CELL_0031,STD_CELL_0031,TSV_0001,19.052558883,-11.0,p,0.0,-0.0007820812405826219,False,21.99999999977687,-30.000000000335508
